power_of_2;time_traversing_list;time_per_node;
1;0.243;7.24196e-09;
2;0.245;7.30157e-09;
3;0.263;7.83801e-09;
4;0.362;1.07884e-08;
5;0.571;1.70171e-08;
6;1.354;4.03523e-08;
7;1.484;4.42266e-08;
8;1.511;4.50313e-08;
9;2.719;8.10325e-08;
10;3.37;1.00434e-07;
11;3.372;1.00493e-07;
12;3.345;9.96888e-08;
13;3.267;9.73642e-08;
14;3.104;9.25064e-08;
15;3.086;9.197e-08;
16;1.76;5.24521e-08;
17;1.518;4.52399e-08;
18;1.517;4.52101e-08;
19;1.38;4.11272e-08;
