power_of_2;time_traversing_list;time_per_node;
5;0;0;
6;0;0;
7;0;0;
8;0;0;
9;0;0;
10;0;0;
11;0;0;
12;0;0;
13;0;0;
14;0;0;
15;0;0;
16;0.001;1.52588e-08;
17;0.003;2.28882e-08;
18;0.003;1.14441e-08;
19;0.014;2.67029e-08;
20;0.014;1.33514e-08;
21;0.062;2.95639e-08;
22;0;0;
23;0.297;3.54052e-08;
24;0.264;1.57356e-08;
25;2.166;6.45518e-08;
26;2.23;3.32296e-08;
27;15.506;1.15529e-07;
28;10.646;3.96594e-08;
