power_of_2;time_traversing_list;time_per_node;
5;0;0;
6;0;0;
7;0;0;
8;0;0;
9;0;0;
10;0;0;
11;0;0;
12;0;0;
13;0;0;
14;0;0;
15;0;0;
16;0.001;1.52588e-08;
17;0.001;7.62939e-09;
18;0.002;7.62939e-09;
19;0.008;1.52588e-08;
20;0.027;2.57492e-08;
21;0.083;3.95775e-08;
22;0.377;8.98838e-08;
23;0.826;9.84669e-08;
24;1.654;9.85861e-08;
25;3.749;1.11729e-07;
26;7.784;1.15991e-07;
27;16.876;1.25736e-07;
28;36.896;1.37448e-07;
