power_of_2;time_traversing_list;time_per_node;
5;0;0;
6;0;0;
7;0;0;
8;0;0;
9;0;0;
10;0;0;
11;0;0;
12;0;0;
13;0.001;1.2207e-07;
14;0;0;
15;0;0;
16;0;0;
17;0.001;7.62939e-09;
18;0.001;3.8147e-09;
19;0.01;1.90735e-08;
20;0.001;9.53674e-10;
21;0.17;8.10623e-08;
22;0.084;2.00272e-08;
23;0.807;9.62019e-08;
24;0.2;1.19209e-08;
25;3.773;1.12444e-07;
26;2.594;3.86536e-08;
27;15.092;1.12444e-07;
28;11.191;4.16897e-08;
