power_of_2;time_traversing_list;time_per_node;
5;0;0;
6;0;0;
7;0;0;
8;0;0;
9;0;0;
10;0;0;
11;0;0;
12;0;0;
13;0;0;
14;0;0;
15;0;0;
16;0;0;
17;0.001;7.62939e-09;
18;0.003;1.14441e-08;
19;0.005;9.53674e-09;
20;0.012;1.14441e-08;
21;0.024;1.14441e-08;
22;0.047;1.12057e-08;
23;0.095;1.13249e-08;
24;0.011;6.55651e-10;
25;0.377;1.12355e-08;
26;0.778;1.15931e-08;
27;1.543;1.14962e-08;
28;3.042;1.13323e-08;
