power_of_2;time_traversing_list;time_per_node;
1;0.246;7.33137e-09;
2;0.252;7.51019e-09;
3;0.272;8.10623e-09;
4;0.387;1.15335e-08;
5;0.604;1.80006e-08;
6;1.375;4.09782e-08;
7;1.564;4.66108e-08;
8;1.501;4.47333e-08;
9;2.629;7.83503e-08;
10;3.336;9.94205e-08;
11;2.3;6.85453e-08;
12;1.315;3.91901e-08;
13;1.376;4.1008e-08;
14;2.331;6.94692e-08;
15;3.623;1.07974e-07;
16;3.652;1.08838e-07;
17;3.53;1.05202e-07;
18;3.76;1.12057e-07;
19;3.653;1.08868e-07;
