power_of_2;time_traversing_list;time_per_node;
5;0.001;3.125e-05;
6;0;0;
7;0;0;
8;0;0;
9;0;0;
10;0;0;
11;0;0;
12;0;0;
13;0;0;
14;0;0;
15;0;0;
16;0.001;1.52588e-08;
17;0.001;7.62939e-09;
18;0.002;7.62939e-09;
19;0.004;7.62939e-09;
20;0.004;3.8147e-09;
21;0.02;9.53674e-09;
22;0.036;8.58307e-09;
23;0.23;2.74181e-08;
24;0.303;1.80602e-08;
25;3.719;1.10835e-07;
26;2.64;3.93391e-08;
27;16.104;1.19984e-07;
28;10.977;4.08925e-08;
