power_of_2;time_traversing_list;time_per_node;
5;0;0;
6;0;0;
7;0;0;
8;0;0;
9;0;0;
10;0;0;
11;0;0;
12;0;0;
13;0;0;
14;0;0;
15;0;0;
16;0;0;
17;0.002;1.52588e-08;
18;0.004;1.52588e-08;
19;0.007;1.33514e-08;
20;0.006;5.72205e-09;
21;0.075;3.57628e-08;
22;0.179;4.26769e-08;
23;0.36;4.29153e-08;
24;0.011;6.55651e-10;
25;1.386;4.1306e-08;
26;2.743;4.08739e-08;
27;5.515;4.109e-08;
28;2.193;8.16956e-09;
