power_of_2;time_traversing_list;time_per_node;
5;0;0;
6;0;0;
7;0;0;
8;0;0;
9;0;0;
10;0;0;
11;0;0;
12;0;0;
13;0;0;
14;0;0;
15;0.001;3.05176e-08;
16;0;0;
17;0.002;1.52588e-08;
18;0.006;2.28882e-08;
19;0.016;3.05176e-08;
20;0.063;6.00815e-08;
21;0.135;6.4373e-08;
22;0.184;4.3869e-08;
23;0.296;3.52859e-08;
24;0;0;
25;1.355;4.03821e-08;
26;3.714;5.53429e-08;
27;11.926;8.88556e-08;
28;27.782;1.03496e-07;
