power_of_2;time_traversing_list;time_per_node;
5;0;0;
6;0;0;
7;0;0;
8;0;0;
9;0;0;
10;0;0;
11;0;0;
12;0;0;
13;0;0;
14;0.001;6.10352e-08;
15;0;0;
16;0;0;
17;0.002;1.52588e-08;
18;0.005;1.90735e-08;
19;0.009;1.71661e-08;
20;0.044;4.19617e-08;
21;0.093;4.43459e-08;
22;0.196;4.673e-08;
23;0.381;4.54187e-08;
24;0.729;4.34518e-08;
25;1.522;4.53591e-08;
26;3.82;5.69224e-08;
27;6.644;4.95017e-08;
28;12.976;4.83394e-08;
